"State Code","State Name","District Code","District Name","Sub District Code","Sub District Name","Town Code","Town Name","Total   Households ","Total Population of Town","Total Male Population of Town","Total Female Population of Town","Total Scheduled Castes Population of Town","Total Scheduled Castes  Male Population of Town","Total Scheduled Castes  Female Population of Town","Total Scheduled Tribes Population of Town","Total Scheduled Tribes  Male Population of Town","Total Scheduled Tribes  Female Population of Town","Reference Year","Class","Civic Status of Town","Name of Taluk/Tahsil/Police Station/Islands etc.","Name of CD Block","Area (sq. km.)","Number of Households including Houseless Households (2011 Census)","Scheduled Castes Population (2011 Census)","Scheduled Tribes Population (2011 Census)","Town Population (Census 1901)","Growth Rate Town (Census 1901)","Town Population (Census 1911)","Growth Rate Town (Census 1911)","Town Population (Census 1921)","Growth Rate Town (Census 1921)","Town Population (Census 1931)","Growth Rate Town (Census 1931)","Town Population (Census 1941)","Growth Rate Town (Census 1941)","Town Population (Census 1951)","Growth Rate Town (Census 1951)","Town Population (Census 1961)","Growth Rate Town (Census 1961)","Town Population (Census 1971)","Growth Rate Town (Census 1971)","Town Population (Census 1981)","Growth Rate Town (Census 1981)","Town Population (Census 1991)","Growth Rate Town (Census 1991)","Town Population (Census 2001)","Growth Rate Town (Census 2001)","Town Population (Census 2011)","Growth Rate Town (Census 2011)","Density (Census 2011)","Sex Ratio (Census 1991)","Sex Ratio (Census 2001)","Sex Ratio (Census 2011)","Rainfall (mm.)","Maximum Temperature (in centigrade)","Minimum Temperature (in centigrade)","State H.Q. Name","State H.Q. Road Distance (in kms.)","District H.Q. Name","District H.Q. Road Distance (in kms.)","Subdivision/Taluk/Tahsil/Police Station/ Development Block/Island H.Q. Name","Sub-division/Taluk/Tahsil/Police Station/ Development Block/Island H.Q.Road Distance (in kms.)","Nearest Ciity Name with Population of 1 Lakh and more","Nearest Ciity with Population of 1 Lakh and more Road Distance (in kms.) ","Nearest Ciity Name with Population of 5 Lakh and more","Nearest Ciity with Population of 5 Lakh and more Road Distance (in kms.) ","Railway Station Name","Railway Station Road Distance (in kms)","Bus Route Name","Bus Route Road Distance (in kms.)","Pucca Road Length (in kms.)","Kutcha Road Length (in kms.)","Drainage System (Open-1/Closed-2/Both-3/No-4 ?)","Latrines-Pit (Numbers)","Latrines-Flush/Pour Flush (Numbers)","Latrines-Service (Numbers)","Latrines-Others (Numbers)","Protected Water Supply Source-1","System of Storage Source-1","Capacity Source-1  (in kilo-litres)","Protected Water Supply Source-2","System of Storage Source-2","Capacity Source-2 (in kilo-litres)","Protected Water Supply Source-3","System of Storage Source-3","Capacity Source-3 (in kilo-litres)","Protected Water Supply Source-4","System of Storage Source-4","Capacity Source-4 (in kilo-litres)","Protected Water Supply Source-5","System of Storage Source-5","Capacity Source-5 (in kilo-litres)","Fire Fighting Service (Status A(1)/NA(2))","If Staus -2 Nearest Fire Fighting Service Location","If Staus -2 Nearest Fire Fighting Service Location Distance (Kms)","Electricity-Domestic Connection (Numbers)","Electricity-Industrial Connection (Numbers)","Electricity-Commercial Connection (Numbers) ","Electricity-Road Lighting Connection (Numbers)","Electricity-Others Connection (Numbers) ","Hospital Allopathic (Numbers)","Hospital Allopathic Beds (Numbers)","Hospital Allopathic Doctors-Total Strength (Numbers)","Hospital Allopathic Doctors-In Position (Numbers)","Hospital Allopathic Para Medical Staff-Total Strength (Numbers)","Hospital Allopathic Para Medical Staff-In Postion (Numbers)","Hospital Allopathic Nearest facility Distance (in Kms.)","Hospital Alternative Medicine (Numbers)","Hospital Alternative Medicine Beds (Numbers)","Hospital Alternative Medicine Doctors-Total Strength (Numbers) ","Hospital Alternative Medicine Doctors-In Position (Numbers)","Hospital Alternative Medicine Para Medical Staff-Total Strength (Numbers)","Hospital Alternative Medicine Para Medical Staff-In Position (Numbers)","Hospital Alternative Medicine Nearest facility Distance(in kms.)","Dispensary/Health Centre (Numbers)","Dispensary/Health Centre Beds (Numbers)","Dispensary/Health Centre Doctors-Total Strength (Numbers)","Dispensary/Health Centre Doctors-In Position (Numbers)","Dispensary/Health Centre Para Medical Staff-Total Strength (Numbers)","Dispensary/Health Centre Para Medical Staff-In Position (Numbers)","Dispensary/Health Centre Nearest facility Distance (in Kms.)","Family Welfare Centre (Numbers)","Family Welfare Centre Beds (Numbers)","Family Welfare Centre Doctors-Total Strength (Numbers)","Family Welfare Centre Doctors-In Position (Numbers)","Family Welfare Centre Doctors Para Medical Staff-Total Strength (Numbers)","Family Welfare Centre Para Medical Staff-In Position (Numbers)","Family Welfare Centre Nearest facility Distance (in kms.)","Maternity and Child Welfare Centre (Numbers)","Maternity and Child Welfare Centre Beds (Numbers)","Maternity and Child Welfare Centre Doctors-Total Strength (Numbers)","Maternity and Child Welfare Centre Doctors-In Position (Numbers)","Maternity and Child Welfare Centre Para Medical Staff-Total Strength (Numbers)","Maternity and Child Welfare Centre Para Medical Staff-In Position (Numbers)","Maternity and Child Welfare Centre Nearest facility Distance (in Kms.)
","Maternity Home (Numbers)","Maternity Home Beds (Numbers)","Maternity Home Doctors-Total Strength (Numbers)","Maternity Home Doctors-In Position (Numbers)","Maternity Home Para Medical Staff-Total Strength (Numbers)","Maternity Home Para Medical Staff-In position (Numbers)","Maternity Home Nearest facility Distance (in kms.)","T.B. Hospital/ Clinic (Numbers)","T.B. Hospital/ Clinic Beds (Numbers)","T.B. Hospital/ Clinic Doctors-Total Strength (Numbers)","T.B. Hospital/ Clinic Doctors-In Position (Numbers)","T.B. Hospital/Clinic Para Medical Staff-Total Strength (Numbers)","T.B. Hospital/Clinic Para Medical Staff-In position (Numbers)","T.B. Hospital/ Clinic Nearest facility Distance (in kms.)","Nursing Home (Numbers) ","Nursing Home Beds (Numbers)","Nursing Home Doctors-Total Strength (Numbers)","Nursing Home Doctor-In Postion (Numbers)","Nursing Home Para Medical Staff-Total Strength (Numbers)","Nursing Home Para Medical Staff-In Position (Numbers)","Nursing Home Nearest facility Distance (in kms.)","Veterinary Hospital (Numbers)","Veterinary Hospital Beds (Numbers)","Veterinary Hospital Doctors-Total Strength (Numbers)","Veterinary Hospital Doctors-In Position (Numbers)","Veterinary Hospital Para Medical Staff-Total Strength (Numbers)","Veterinary Hospital Para Medical Staff-In Position (Numbers)","Veterinary Hospital Nearest facility Distance (in kms.)","Mobile Health Clinic (Numbers)","Mobile Health Clinic Beds (Numbers)","Mobile Health Clinic Doctors-Total Strength (Numbers)","Mobile Health Clinic Doctors-In Postion (Numbers)","Mobile Health Clinic Para Medical Staff-Total Strength (Numbers)","Mobile Health Clinic Para Medical Staff-In poistion (Numbers)","Mobile Health Clinic Nearest facility Distance (in kms.)","Others (Numbers)","Others Beds (Numbes)","Others Doctors-Total Strength (Numbers)","Others Doctors-In Position (Numbers)","Others Para Medical Staff-Total Strength (Numbers)","Others Para Medical Staff-In Position (Numbers)","Others Nearest facility Distance (in kms.)","Non-Government Out-Patient (Numbers)","Non-Government In and Out Patient (Numbers)","Non-Government Charitable-Hospital/Nursing Home (Numbers)","Non-Government Medicine Shop (Numbers)","Govt. Primary School (Status A(1)/NA(2))","Govt. Primary School (Numbers)","Private Primary School (Status A(1)/NA(2))","Private Primary School (Numbers)","Nearest Facility Status (Primary School) (Govt(1)/Private(2)) ","Nearest Village/Town Name (Primary School)","Nearest Village/Town Distance  (in kms.) (Primary School)","Govt. Middle School (Status A(1)/NA(2))","Govt. Middle School (Numbers)","Private Middle School (Status A(1)/NA(2))","Private Middle School (Numbers)","Nearest Facility Status (Private Middle School) (Govt(1)/Private(2))","Nearest Village/Town Name (Private Middle School)","Nearest Village/Town Distance (Private Middle School) (in kms.)","Govt. Secondary School (Status A(1)/NA(2))","Govt. Secondary School (Numbers)","Private Secondary School (Status A(1)/NA(2))","Private Secondary School (Numbers)","Nearest Facility Status (Secondary School)(Govt(1)/Private(2))","Nearest Village/Town Name (Secondary School)","Nearest Village/Town Distance (in kms.) (Secondary School)","Govt. Senior Secondary School (Status A(1)/NA(2))","Govt. Senior Secondary School (Numbers)","Private Senior Secondary School (Status A(1)/NA(2))","Private Senior Secondary School (Numbers) ","Nearest Facillty Status Senior Secondary School (Govt (1)/ Private (2))","Nearest Village/Town Name (Senior Secondary School)","Nearest Village/Town Distance (Senior Secondary School) (in kms.)","Govt. Degree College-Art Only (Status A(1)/NA(2))","Govt. Degree College-Art Only (Numbers)","Private Degree College-Art Only (Status A(1)/NA(2))","Private Degree College-Art Only (Numbers)","Nearest Facillty Status (Degree College-Art Only) (Govt (1)/ Private (2))","Nearest Village/Town Name (Degree College-Art Only)","Nearest Village/Town Distance (Degree College-Art Only) (in kms.)","Govt. Degree College-Science Only (Status A(1)/NA(2))","Govt. Degree College-Science Only (Numbers)","Private Degree College-Science Only (Status A(1)/NA(2))","Private Degree College-Science Only (Numbers)","Nearest Facillty Status (Degree College-Science Only)(Govt (1)/ Private (2))","Nearest Village/Town Name (Degree College-Science Only)","Nearest Village/Town Distance (Degree College-Science Only) (in kms.)","Govt. Degree College-Commerce Only (Status A(1)/NA(2))","Govt. Degree College-Commerce Only (Numbers))","Private Degree College-Commerce Only (Status A(1)/NA(2))","Private Degree College-Commerce Only (Numbers)","Nearest Facillty Status (Degree College-Commerce Only)(Govt (1)/ Private (2))","Nearest Village/Town Name (Degree College-Commerce Only)","Nearest Village/Town Distance (Degree College-Commerce Only)(in kms.)","Govt. Degree College-Art and Science Only (Status A(1)/NA(2))","Govt. Degree College-Art and Science Only (Numbers))","Private Degree College-Art and Science Only (Status A(1)/NA(2))","Private Degree College-Art and Science Only (Numbers)","Nearest Facillty Status (Degree College-Art and Science Only) (Govt (1)/ Private (2))","Nearest Village/Town Name (Degree College-Art and Science Only)","Nearest Village/Town Distance (Degree College-Art and Science Only) (in kms.)","Govt. Degree College-Art and Commerce Only (Status A(1)/NA(2))","Govt. Degree College-Art and Commerce Only (Numbers))","Private Degree College-Art and Commerce Only (Status A(1)/NA(2))","Private Degree College-Art and Commerce Only (Numbers)","Nearest Facillty Status (Degree College-Art and Commerce Only) (Govt (1)/ Private (2))","Nearest Village/Town Name (Degree College-Art and Commerce Only)","Nearest Village/Town Distance (Degree College-Art and Commerce Only) (in kms.)","Govt. Degree College-Art,Science and Commerce (Status A(1)/NA(2))","Govt. Degree College-Art,Science and Commerce (Numbers))","Private Degree College-Art,Science and Commerce (Status A(1)/NA(2))","Private Degree College-Art,Science and Commerce (Numbers)","Nearest Facillty Status (Degree College-Art,Science and Commerce) (Govt (1)/ Private (2))","Nearest Village/Town Name (Degree College-Art,Science and Commerce)","Nearest Village/Town Distance (Degree College-Art,Science and Commerce) (in kms.)","Govt. Degree College-Law (Status A(1)/NA(2))","Govt. Degree College-Law (Numbers))","Private Degree College-Law (Status A(1)/NA(2))","Private Degree College-Law (Numbers)","Nearest Facillty Status (Degree College-Law) (Govt (1)/ Private (2))","Nearest Village/Town Name (Degree College-Law)","Nearest Village/Town Distance (Degree College-Law) (in kms.)","Govt. Degree College-University (Status A(1)/NA(2))","Govt. Degree College-University (Numbers))","Private Degree College-University (Status A(1)/NA(2))","Private Degree College-University (Numbers)","Nearest Facillty Status (Degree College-University)(Govt (1)/ Private (2))","Nearest Village/Town Name (Degree College-University)","Nearest Village/Town Distance (Degree College-University) (in kms.)","Govt. Degree College-Others (Status A(1)/NA(2))","Govt. Degree College-Others (Numbers))","Private Degree College-Others (Status A(1)/NA(2))","Private Degree College-Others (Numbers)","Nearest Facillty Status (Degree College-Others) (Govt (1)/ Private (2))","Nearest Village/Town Name (Degree College-Others)","Nearest Village/Town Distance (Degree College-Others) (in kms.)","Govt.-Medical College (Status A(1)/NA(2))","Govt.-Medical College (Numbers))","Private-Medical College (Status A(1)/NA(2))","Private-Medical College (Numbers)","Nearest Facillty Status (Medical College) (Govt (1)/ Private (2))","Nearest Village/Town Name (Medical College)","Nearest Village/Town Distance (Medical College) (in kms.)","Govt.-Engineering College (Status A(1)/NA(2))","Govt.-Engineering College (Numbers))","Private-Engineering College (Status A(1)/NA(2))","Private-Engineering College (Numbers)","Nearest Facillty Status (Engineering College) (Govt (1)/ Private (2))","Nearest Village/Town Name (Engineering College)","Nearest Village/Town Distance (Engineering College) (in kms.)","Govt.-Management Institute (Status A(1)/NA(2))","Govt.-Management Institute (Numbers))","Private-Management Institute (Status A(1)/NA(2))","Private-Management Institute (Numbers)","Nearest Facillty Status (Management Institute) (Govt (1)/ Private (2))","Nearest Village/Town Name (Management Institute)","Nearest Village/Town Distance (Management Institute) (in kms.)","Govt.-Polytechnic (Status A(1)/NA(2))","Govt.-Polytechnic (Numbers))","Private-Polytechnic (Status A(1)/NA(2))","Private-Polytechnic (Numbers)","Nearest Facillty Status (Polytechnic) (Govt (1)/ Private (2))","Nearest Village/Town Name (Polytechnic)","Nearest Village/Town Distance (Polytechnic) (in kms.)","Govt.-Shorthand (Status A(1)/NA(2))","Govt.-Shorthand (Numbers))","Private-Shorthand (Status A(1)/NA(2))","Private-Shorthand (Numbers)","Nearest Facillty Status (Shorthand) (Govt (1)/ Private (2))","Nearest Village/Town Name (Shorthand)","Nearest Village/Town Distance (Shorthand) (in kms.)","Govt.-Typewriting (Status A(1)/NA(2))","Govt.-Typewriting (Numbers))","Private-Typewriting (Status A(1)/NA(2))","Private-Typewriting (Numbers)","Nearest Facillty Status (Typewriting) (Govt (1)/ Private (2))","Nearest Village/Town Name (Typewriting)","Nearest Village/Town Distance (Typewriting) (in kms.)","Govt.-Shorthand and Typewriting (Status A(1)/NA(2))","Govt.-Shorthand and Typewriting (Numbers))","Private-Shorthand and Typewriting (Status A(1)/NA(2))","Private-Shorthand and Typewriting (Numbers)","Nearest Facillty Status (Shorthand and Typewriting) (Govt (1)/ Private (2))","Nearest Village/Town Name (Shorthand and Typewriting)","Nearest Village/Town Distance (Shorthand and Typewriting) (in kms.)","Govt.-MS Office (Status A(1)/NA(2))","Govt.-MS Office (Numbers))","Private-MS Office (Status A(1)/NA(2))","Private-MS Office (Numbers)","Nearest Facillty Status (MS Office) (Govt (1)/ Private (2))","Nearest Village/Town Name (MS Office)","Nearest Village/Town Distance (MS Office) (in kms.)","Govt.-Desk Top Publishing (Status A(1)/NA(2))","Govt.-Desk Top Publishing (Numbers))","Private-Desk Top Publishing (Status A(1)/NA(2))","Private-Desk Top Publishing (Numbers)","Nearest Facillty Status (Desk Top Publishing) (Govt (1)/ Private (2))","Nearest Village/Town Name (Desk Top Publishing)","Nearest Village/Town Distance (Desk Top Publishing) (in kms.)","Govt.-Vocational(Others) (Status A(1)/NA(2))","Govt.-Vocational(Others) (Numbers))","Private-Vocational(Others) (Status A(1)/NA(2))","Private-Vocational(Others) (Numbers)","Nearest Facillty Status ((Vocational(Others)) (Govt (1)/ Private (2))","Nearest Village/Town Name (Vocational(Others))","Nearest Village/Town Distance ((Vocational(Others)) (in kms.)","Govt.-Non Formal Education (Status A(1)/NA(2))","Govt.-Non Formal Education (Numbers))","Private-Non Formal Education (Status A(1)/NA(2))","Private-Non Formal Education (Numbers)","Nearest Facillty Status (Non Formal Education) (Govt (1)/ Private (2))","Nearest Village/Town Name (Non Formal Education)","Nearest Village/Town Distance (Non Formal Education) (in kms.)","Govt.-Special School for Disabled (Status A(1)/NA(2))","Govt.-Special School for Disabled (Numbers))","Private-Special School for Disabled (Status A(1)/NA(2))","Private-Special School for Disabled (Numbers)","Nearest Facillty Status (Special School for Disabled) (Govt (1)/ Private (2))","Nearest Village/Town Name (Special School for Disabled)","Nearest Village/Town Distance (Special School for Disabled) (in kms.)","Govt.-Others(Specify) (Status A(1)/NA(2))","Govt.-Others(Specify) (Numbers))","Private-Others(Specify) (Status A(1)/NA(2))","Private-Others(Specify) (Numbers)","Nearest Facillty Status (Others(Specify)) (Govt (1)/ Private (2))","Nearest Village/Town Name (Others(Specify))","Nearest Village/Town Distance (Others(Specify)) (in kms.)","Govt.-Orphanage Home (Status A(1)/NA(2))","Govt.-Orphanage Home (Numbers))","Private-Orphanage Home (Status A(1)/NA(2))","Private-Orphanage Home (Numbers)","Nearest Facillty Status (Orphanage Home) (Govt (1)/ Private (2))","Nearest Village/Town Name (Orphanage Home)","Nearest Village/Town Distance (Orphanage Home) (in kms.)","Govt.-Working Women's Hostel (Status A(1)/NA(2))","Govt.-Working Women's Hostel (Numbers))","Private-Working Women's Hostel (Status A(1)/NA(2))","Private-Working Women's Hostel (Numbers)","Nearest Facillty Status (Working Women's Hostel) (Govt (1)/ Private (2))","Nearest Village/Town Name (Working Women's Hostel)","Nearest Village/Town Distance (Working Women's Hostel) (in kms.)","Govt.-Old Age Home (Status A(1)/NA(2))","Govt.-Old Age Home (Numbers))","Private-Old Age Home (Status A(1)/NA(2))","Private-Old Age Home (Numbers)","Nearest Facillty Status (Old Age Home) (Govt (1)/ Private (2))","Nearest Village/Town Name (Old Age Home)","Nearest Village/Town Distance (Old Age Home) (in kms.)","Govt.-Stadium (Status A(1)/NA(2))","Govt.-Stadium (Numbers))","Private-Stadium (Status A(1)/NA(2))","Private-Stadium (Numbers)","Nearest Facillty Status (Stadium) (Govt (1)/ Private (2))","Nearest Village/Town Name (Stadium)","Nearest Village/Town Distance (Stadium) (in kms.)","Govt.-Cinema Theatre (Status A(1)/NA(2))","Govt.-Cinema Theatre (Numbers))","Private-Cinema Theatre (Status A(1)/NA(2))","Private-Cinema Theatre (Numbers)","Nearest Facillty Status (Cinema Theatre) (Govt (1)/ Private (2))","Nearest Village/Town Name (Cinema Theatre)","Nearest Village/Town Distance (Cinema Theatre) (in kms.)","Govt.-Auditorium/Community Hall (Status A(1)/NA(2))","Govt.-Auditorium/Community Hall (Numbers))","Private-Auditorium/Community Hall (Status A(1)/NA(2))","Private-Auditorium/Community Hall (Numbers)","Nearest Facillty Status (Auditorium/Community Hall) (Govt (1)/ Private (2))","Nearest Village/Town Name (Auditorium/Community Hall)","Nearest Village/Town Distance (Auditorium/Community Hall) (in kms.)","Govt.-Public Library (Status A(1)/NA(2))","Govt.-Public Library (Numbers))","Private-Public Library (Status A(1)/NA(2))","Private-Public Library (Numbers)","Nearest Facillty Status (Public Library) (Govt (1)/ Private (2))","Nearest Village/Town Name (Public Library)","Nearest Village/Town Distance (Public Library) (in kms.)","Govt.-Public Reading Room (Status A(1)/NA(2))","Govt.-Public Reading Room (Numbers))","Private-Public Reading Room (Status A(1)/NA(2))","Private-Public Reading Room (Numbers)","Nearest Facillty Status (Govt (1)/ Private (2))","Nearest Village/Town Name","Nearest Village/Town Distance (in kms.)","Manufactured Commodity (First)
","Manufactured Commodity (Second)","Manufactured Commodity (Third)","Nationalised Bank (Numbers)","Private Commercial Bank (Numbers)","Co-operative Bank (Numbers)","Agricultural Credit Society (Numbers)","Non-Agricultural Credit Society (Numbers)"
"'09","UTTAR PRADESH","'164","KANPUR NAGAR","'00848","BILHAUR","'150291","Choubepur Kalan (CT)","1932","10785","5670","5115","1200","645","555","0","0","0","2009","IV","CT","BILHAUR","CHOUBEPUR","1.78","1932","1200","0","Created after 1991 Census",NA,NA,NA,NA,NA,NA,NA,NA,NA,NA,NA,NA,NA,NA,NA,NA,NA,NA,NA,"8381",NA,"10785","28.68","6058.99",NA,"864","902","868","46","6","LUCKNOW","125","KANPUR NAGAR","30","BILHOAUR","15","KANPUR","30","LUCKNOW","50","KANPUR","30","YES","0","32","20","3","807","52","0","0","TU","OHT","10000",NA,NA,NA,NA,NA,NA,NA,NA,NA,NA,NA,NA,"Yes",NA,NA,"2000","20","100","0","0","0","0","0","0","0","0","30","0","0","0","0","0","0","30","0","0","0","0","0","0","0","0","0","0","0","0","0","0","0","0","0","0","0","0","0","0","0","0","0","0","0","0","0","0","0","0","0","0","0","0","0","0","0","0","0","0","0","0","0","0","0","0","0","0","0","0","0","0","0","0","0","0","0","0","0","0","0","10","3","2","2","1","2","1","6",NA,NA,NA,"1","2","1","6",NA,NA,NA,"1","2","1","1",NA,NA,NA,"1","2","1","1",NA,NA,NA,"2","0","2","0",NA,NA,NA,"2","0","2","0",NA,NA,NA,"2","0","2","0",NA,NA,NA,"2","0","2","0",NA,NA,NA,"2","0","2","0",NA,NA,NA,"2","0","2","0",NA,NA,NA,"2","0","2","0",NA,NA,NA,"2","0","2","0",NA,NA,NA,"2","0","2","0",NA,NA,NA,"2","0","1","1",NA,NA,NA,"2","0","1","1",NA,NA,NA,"2","0","1","1",NA,NA,NA,"2","0","2","0","1","GURUDEV","20","2","0","2","0",NA,NA,NA,"2","0","2","0",NA,NA,NA,"2","0","2","0",NA,NA,NA,"2","0","2","0",NA,NA,NA,"2","0","2","0",NA,NA,NA,"2","0","2","0",NA,NA,NA,"1","1","2","0",NA,NA,NA,"2","0","2","0","2","BITHUR","1","2","0","2","0",NA,NA,NA,"2","0","2","0","1","KANPUR","20","2","0","2","0","1","KANPUR","20","2","0","2","0","1","BITHUR","10","2","0","2","0","1","GREEN PARK","25","2","0","1","1",NA,NA,NA,"2","0","2","0","1","KANPUR","20","2","0","2","0","1","KANPUR","20","2","0","2","0","1","KANPUR","20","SHOES & SLIPPERS","CLOTHES","BRICKS","4","0","1","1","0"
"'09","UTTAR PRADESH","'164","KANPUR NAGAR","'00848","BILHAUR","'801002","Bilhaur (NPP)","3442","20493","10836","9657","1220","660","560","0","0","0","2009","III","NPP","BILHAUR",NA,"3","3442","1220","0","5,143","(-19.72)","4,129","(+7.92)","4,456","(+1.19)","4,509","(+18.01)","5,321","(-10.30)","4,773",NA,"Declassified",NA,NA,NA,"11,380","(+31.29)","14,941","20.92","18067","20.92","20493","13.43","6831.00","890","880","891","868","46","6","LUCKNOW","110","KANPUR NAGAR","50","BILHAUR","1","KANNAUJ","26","KANPUR NAGAR","50","BILHAUR","0","YES","0","27","1","1","735","1080","2","0","TW","OHT","8865",NA,NA,NA,NA,NA,NA,NA,NA,NA,NA,NA,NA,"No","KANPUR NAGAR","50","1420","12","0","275","0","1","30","4","0","15","15","0","1","5","1","1","4","4","0","0","0","0","0","0","0","26","1","3","1","1","3","3","0","1","3","1","1","3","3","0","1","3","1","1","3","3","0","0","0","0","0","0","0","50","0","0","0","0","0","0","26","1","0","1","1","3","3","0","0","0","0","0","0","0","26","0","0","0","0","0","0","26","18","0","0","8","1","3","1","6",NA,NA,NA,"1","2","1","5",NA,NA,NA,"1","1","1","3",NA,NA,NA,"1","1","2","0",NA,NA,NA,"2","0","2","0","2","BILHOUR","4","2","0","2","0",NA,NA,NA,"2","0","2","0",NA,NA,NA,"2","0","2","0",NA,NA,NA,"2","0","2","0",NA,NA,NA,"2","0","2","0",NA,NA,NA,"2","0","2","0",NA,NA,NA,"2","0","2","0",NA,NA,NA,"2","0","2","0",NA,NA,NA,"2","0","2","0","1","KANPUR NAGAR","50","2","0","2","0","1","MANLAPUR","9","2","0","2","0","1","RAWATPUR","47","2","0","2","0","1","VIKAS NAGAR","45","2","0","2","0",NA,NA,NA,"2","0","2","0",NA,NA,NA,"1","1","2","0",NA,NA,NA,"2","0","2","0",NA,NA,NA,"2","0","2","0",NA,NA,NA,"2","0","2","0",NA,NA,NA,"2","0","2","0","1","KANPUR NAGAR","50","2","0","2","0","1","KANPUR NAGAR","50","2","0","2","0",NA,NA,NA,"2","0","2","0","1","KANPUR NAGAR","50","2","0","2","0","1","KANPUR NAGAR","50","2","0","2","0","1","KANPUR NAGAR","50","2","0","2","0","1","KANPUR NAGAR","50","2","0","2","0","2","KANPUR NAGAR","50","1","1","2","0",NA,NA,NA,"2","0","2","0","1","KANPUR NAGAR","50","2","0","2","0","1","KANPUR NAGAR","580","CARPET WEAVING","PAINTING WORK","BIDI","4","1","1","0","0"
"'09","UTTAR PRADESH","'164","KANPUR NAGAR","'00848","BILHAUR","'801003","Shivrajpur (NP)","2121","11948","6284","5664","2732","1414","1318","0","0","0","2009","IV","NP","BILHAUR",NA,"4.2","2121","2732","0","Created after 1971 Census",NA,NA,NA,NA,NA,NA,NA,NA,NA,NA,NA,NA,NA,NA,NA,"5,611","(+34.52)","7,548","35.37","10218","35.37","11948","16.93","2844.76","855","833","901","868","46","6","LUCKNOW","125","KANPUR NAGAR","40","BILHAUR","19","KANPUR NAGAR","40","KANPUR NAGAR","40","SHIVRAJPUR","1","YES","0","16.6","1","1","0","750","0","0","TK/P/L","OHT","1620",NA,NA,NA,NA,NA,NA,NA,NA,NA,NA,NA,NA,"No","KANPUR NAGAR","40","1280","3","88","23","2","1","7","2","2","11","11","0","0","0","0","0","0","0","40","0","0","0","0","0","0","40","0","0","0","0","0","0","40","0","0","0","0","0","0","40","1","4","2","2","6","6","0","0","0","0","0","0","0","40","0","0","0","0","0","0","40","1","0","1","1","3","3","0","0","0","0","0","0","0","0","0","0","0","0","0","0","0","200","5","0","9","1","3","1","5",NA,NA,NA,"1","2","1","3",NA,NA,NA,"2","0","1","5",NA,NA,NA,"2","0","1","1",NA,NA,NA,"2","0","2","0",NA,NA,NA,"2","0","2","0",NA,NA,NA,"2","0","2","0",NA,NA,NA,"2","0","2","0","1","SHIVRAJPUR","1","2","0","2","0","1","SHIVRAJPUR","1","2","0","2","0",NA,NA,NA,"2","0","2","0",NA,NA,NA,"2","0","2","0",NA,NA,NA,"2","0","2","0",NA,NA,NA,"2","0","2","0","1","KANPUR NAGAR","40","2","0","2","0","1","KANPUR NAGAR","30","2","0","2","0","1","KANPUR NAGAR","30","2","0","2","0","1","KANPUR NAGAR","40","2","0","2","0",NA,NA,NA,"2","0","2","0","1","KANPUR NAGAR","32","2","0","2","0","1","KANPUR NAGAR","32","2","0","2","0",NA,NA,NA,"2","0","2","0",NA,NA,NA,"2","0","2","0",NA,NA,NA,"2","0","2","0","1","KANPUR NAGAR","32","2","0","2","0","1","KANPUR NAGAR","32","2","0","2","0",NA,NA,NA,"2","0","2","0","1","KANPUR NAGAR","40","2","0","2","0","1","KANPUR NAGAR","40","2","0","2","0",NA,NA,NA,"2","0","2","0","1","KANPUR NAGAR","50","2","0","2","0","2","KANPUR NAGAR","50","2","0","2","0","1","KANPUR NAGAR","50","2","0","2","0","1","KANPUR NAGAR","40","2","0","2","0",NA,NA,NA,"NIL","NIL","NIL","3","0","1","1","0"
"'09","UTTAR PRADESH","'164","KANPUR NAGAR","'00849","KANPUR","'150571","Chakeri (CT)","2109","7526","3803","3723","361","192","169","19","9","10","2009","V","CT","KANPUR","KALYANPUR","6.03","2109","361","19","Created after 1951 Census",NA,NA,NA,NA,NA,NA,NA,NA,NA,NA,NA,"3,842","(+68.53)","6,475","(+47.18)","9,530","(+1.43)","9,666","-11.22","8581","-11.22","7526","-12.29","1248.09","748","818","979","868","46","6","LUCKNOW","110","KANPUR NAGAR","14","KANPUR NAGAR","14","UNNAO","20","LUCKNOW","110","KANPUR CENTRAL","14","YES","0","45","1","3","0","3480","0","0","TW/B","BWP",NA,NA,NA,NA,NA,NA,NA,NA,NA,NA,NA,NA,NA,"Yes",NA,NA,"3000","10","150","20",NA,"0","0","0","0","0","0","30","0","0","0","0","0","0","30","1","5","3","3","9","9","0","1","2","3","2","6","5","0","1","5","2","1","7","5","0","0","8","2","2","8","5","0","0","0","0","0","0","0","0","1","20","2","2","5","4","0","0","0","0","0","0","0","0","0","0","0","0","0","0","0","0","0","0","0","0","0","0","10","3","2","2","1","2","1","6",NA,NA,NA,"1",NA,"1","6",NA,NA,NA,"1","2","1","1",NA,NA,NA,"1","2","1","1",NA,NA,NA,"2","0","2","0",NA,NA,NA,"2","0","2","0",NA,NA,NA,"2","0","2","0",NA,NA,NA,"2","0","2","0",NA,NA,NA,"2","0","2","0",NA,NA,NA,"2","0","2","0",NA,NA,NA,"2","0","2","0",NA,NA,NA,"2","0","2","0",NA,NA,NA,"2","0","2","0",NA,NA,NA,"2","0","1","1",NA,NA,NA,"2","0","1","1",NA,NA,NA,"2","0","1","1",NA,NA,NA,"2","0","2","0","1","GURUDEV","20","2","0","2","0",NA,NA,NA,"2","0","2","0",NA,NA,NA,"2","0","2","0",NA,NA,NA,"2","0","2","0",NA,NA,NA,"2","0","2","0",NA,NA,NA,"2","0","2","0",NA,NA,NA,"1","1","2","0",NA,NA,NA,"2","0","2","0","2","BITHOOR","1","2","0","2","0",NA,NA,NA,"2","0","2","0","1","KANPUR","20","2","0","2","0","1","KANPUR","20","2","0","2","0","2","BITHOOR","10","2","0","2","0","1","GREENPARK","25","2","0","1","1",NA,NA,NA,"2","0","2","0","1","KANPUR","30","2","0","2","0","1","KANPUR","30","2","0","2","0","1","KANPUR","30","NIL","NIL","NIL","2","0","0","0","0"
"'09","UTTAR PRADESH","'164","KANPUR NAGAR","'00849","KANPUR","'150572","Northern Railway Colony (CT)","4453","20916","11274","9642","6199","3280","2919","7","4","3","2009","III","CT","KANPUR NAGAR","KALYANPUR","4.7","4453","6199","7","Created after 1941 Census",NA,NA,NA,NA,NA,NA,NA,NA,NA,"10,368","(+8.90)","11,291","(+54.19)","17,410","(+23.14)","21,439","(+17.47)","25,184","18.26","29783","18.26","20916","-29.77","4450.21","765","780","855","868","46","6","LUCKNOW","80","KANPUR NAGAR","5","KANPUR NAGAR","5","KANPUR NAGAR","5","KANPUR NAGAR","5","KANPUR","2","YES","0","1","2","3","4","1500","0","0","TT","OHT","5000","TK/P/L",NA,NA,NA,NA,NA,NA,NA,NA,NA,NA,NA,"No","KANPUR NAGAR","5","4400",NA,NA,"8000","0","1","85","15","15","0","0","0","0","0","0","0","0","0","0","3","3","3","3","0","0","0","1","1","1","1","0","0","0","1","1","0","0","0","0","0","1","8","1","1","0","0","0","0","0","0","0","0","0","0","0","0","0","0","0","0","0","0","0","0","0","0","0","0","0","0","0","0","0","0","0","0","0","0","0","0","0","0","0","0","0","0","1","2","1","1",NA,NA,NA,"1","1","1","1",NA,NA,NA,"1","1","1","1",NA,NA,NA,"1","1","1","1",NA,NA,NA,"2","0","2","0",NA,NA,NA,"2","0","2","0",NA,NA,NA,"2","0","2","0",NA,NA,NA,"2","0","2","0",NA,NA,NA,"2","0","2","0",NA,NA,NA,"2","0","2","0",NA,NA,NA,"2","0","2","0",NA,NA,NA,"2","0","2","0",NA,NA,NA,"2","0","2","0",NA,NA,NA,"2","0","2","0",NA,NA,NA,"2","0","2","0",NA,NA,NA,"2","0","2","0",NA,NA,NA,"2","0","2","0",NA,NA,NA,"2","0","2","0",NA,NA,NA,"2","0","2","0",NA,NA,NA,"2","0","2","0",NA,NA,NA,"2","0","2","0",NA,NA,NA,"2","0","2","0",NA,NA,NA,"2","0","2","0",NA,NA,NA,"2","0","2","0",NA,NA,NA,"2","0","2","0",NA,NA,NA,"2","0","2","0",NA,NA,NA,"2","0","2","0",NA,NA,NA,"2","0","2","0",NA,NA,NA,"2","0","2","0",NA,NA,NA,"1","1","2","0",NA,NA,NA,"2","0","2","0",NA,NA,NA,"2","0","2","0",NA,NA,NA,"1","1","2","0",NA,NA,NA,"2","0","2","0",NA,NA,NA,"ENGINE","NIL","NIL","1","0","1","0","0"
"'09","UTTAR PRADESH","'164","KANPUR NAGAR","'00849","KANPUR","'150573","Armapur Estate (CT)","3141","15463","8160","7303","3659","1937","1722","115","69","46","2009","IV","CT","KANPUR","KALYANPUR","5.76","3141","3659","115","Created after 1971 Census",NA,NA,NA,NA,NA,NA,NA,NA,NA,NA,NA,NA,NA,NA,NA,"16,240","(+53.23)","24,884","-17.28","20584","-17.28","15463","-24.88","2684.55","875","840","895","868","46","6","LUCKNOW","90","KANPUR NAGAR","8","KANPUR","8","UNNAO","20","KANPUR","13","KANPUR","13","YES","0","28","3","1","25","3507","0","0","TT","OHT","4296","HP","SR","3068","TW/B","BWP",NA,NA,NA,NA,NA,NA,NA,"Yes",NA,NA,"3534","0","38","1800","0","2","100","11","11","9","9","0","0","0","0","0","0","0","6","1","4","1","1","0","0","0","1","2","1","1","0","0","0","0","0","0","0","0","0","8","1","1","1","1","3","3","0","1","5","1","1","3","3","0","0","0","0","0","0","0","6","0","0","0","0","0","0","4","0","0","0","0","0","0","0","0","0","0","0","0","0","0","1","0","0","1","1","1","1","2",NA,NA,NA,"2","0","1","1",NA,NA,NA,"2","0","1","2",NA,NA,NA,"1","3","1","3",NA,NA,NA,"2","0","2","0",NA,NA,NA,"2","0","2","0",NA,NA,NA,"2","0","2","0",NA,NA,NA,"2","0","2","0",NA,NA,NA,"1","1","2","0",NA,NA,NA,"2","0","2","0",NA,NA,NA,"2","0","2","0",NA,NA,NA,"2","0","2","0",NA,NA,NA,"2","0","2","0",NA,NA,NA,"2","0","2","0","1","KANPUR","15","2","0","2","0","2","KANPUR","5","2","0","2","0","2","KANPUR","5","2","0","2","0","1","KANPUR","12","2","0","2","0",NA,NA,NA,"2","0","2","0",NA,NA,NA,"2","0","2","0",NA,NA,NA,"2","0","2","0",NA,NA,NA,"2","0","1","1",NA,NA,NA,"2","0","2","0",NA,NA,NA,"2","0","2","0",NA,NA,NA,"2","0","1","1",NA,NA,NA,"2","0","2","0",NA,NA,NA,"2","0","2","0","1","KANPUR","8","2","0","2","0","1","KANPUR","10","2","0","2","0",NA,NA,NA,"1","3","2","0",NA,NA,NA,"2","0","2","0","2","KANPUR","6","1","2","2","0",NA,NA,NA,"2","0","2","0","1","KANPUR","16","2","0","2","0","1","KANPUR","12",NA,NA,NA,"1",NA,NA,NA,NA
"'09","UTTAR PRADESH","'164","KANPUR NAGAR","'00849","KANPUR","'801004","Bithoor (NP)","1999","11300","6088","5212","1562","841","721","27","0","27","2009","IV","NP","KANPUR",NA,"8.7","1999","1562","27","7,173","(-38.85)","4,386","(-47.45)","2,305","(-11.84)","2,032","(+25.15)","2,543","(+1.34)","2,577",NA,"Declassified",NA,NA,NA,"5,318","(+39.98)","7,444","29.66","9652","29.66","11300","17.07","1298.85","805","792","856","868","46","6","LUCKNOW","125","KANPUR NAGAR","30","KANPUR SADAR","21","KANPUR","5","KANPUR","30","BRAMHAVART","15","YES","0","32","12","1","120","565","0","0","OHT","TW/B","650",NA,NA,NA,NA,NA,NA,NA,NA,NA,NA,NA,NA,"Yes",NA,NA,"1800",NA,NA,"1100",NA,"0","0","0","0","0","0","0","0","0","0","0","0","0","0","0","0","0","0","0","0","0","0","0","0","0","0","0","0","0","0","0","0","0","0","0","0","0","0","0","0","0","0","0","0","0","0","0","0","0","1","10","6","6","2","2","0","0","0","0","0","0","0","0","0","0","0","0","0","0","0","0","0","0","0","0","0","0","0","0","5","5","1","3","1","1",NA,NA,NA,"1","1","1","1",NA,NA,NA,"1","1","1","2",NA,NA,NA,"2","0","2","0",NA,NA,NA,"2","0","1","2",NA,NA,NA,"2","0","2","0",NA,NA,NA,"2","0","2","0",NA,NA,NA,"2","0","2","0",NA,NA,NA,"2","0","2","0",NA,NA,NA,"2","0","2","0",NA,NA,NA,"2","0","2","0",NA,NA,NA,"2","0","2","0",NA,NA,NA,"2","0","2","0",NA,NA,NA,"2","0","2","0","2","KANPUR NAGAR","20","2","0","2","0",NA,"KANPUR NAGAR","18","2","0","2","0",NA,"KANPUR NAGAR","20","2","0","2","0",NA,"KANPUR NAGAR","15","2","0","2","0",NA,"KANPUR NAGAR","20","2","0","2","0",NA,"KANPUR NAGAR","20","2","0","2","0",NA,"KANPUR NAGAR","20","2","0","2","0",NA,"KANPUR NAGAR","20","2","0","2","0",NA,"KANPUR NAGAR","20","2","0","2","0",NA,NA,NA,"2","0","2","0",NA,NA,NA,"2","0","1","1",NA,NA,NA,"2","0","2","0",NA,NA,NA,"2","0","2","0","2","KANPUR NAGAR","25","2","0","2","0","2","KANPUR NAGAR","25","2","0","2","0","2","KANPUR NAGAR","25","2","0","2","0","1","KANPUR NAGAR","25","2","0","2","0","2","KANPUR NAGAR","25","2","0","2","0","1","KANPUR NAGAR","25","2","0","2","0","1","KANPUR NAGAR","25","2","0","2","0","2","KANPUR NAGAR","25",NA,NA,NA,"1",NA,"1","0","0"
"'09","UTTAR PRADESH","'164","KANPUR NAGAR","'00849","KANPUR","'801005","Kanpur (M Corp. + OG)","522805","2768057","1490547","1277510","341505","184612","156893","2994","1693","1301","2009","I","M Corp.","KANPUR",NA,"266.74","522805","341505","2994","202,797","(-11.95)","178,557","(+21.21)","216,436","(+1.27)","219,189","(+106.44)","452,495","(+41.16)","638,734","(+38.37)","883,815","(+31.06)","1,158,321","(+28.33)","1,486,522","(+26.43)","1,879,420","35.75","2555811","35.99","2768057","8.30","10377.36","824","857","857","868","46","6","LUCKNOW","125","KANPUR NAGAR","5","KANPUR","5","UNNAO","25","LUCKNOW","88","KANPUR","8","YES","0","3874.4","517","3","0","440962","216","0","HP","OHT","43","TW/B","SR","38","R/C",NA,NA,NA,NA,NA,NA,NA,NA,"Yes",NA,NA,"445299","8219","93046","47812","4292","29","4550","337","197","2019","1622","0","5","40","15","15","12","12","0","28","8","20","17","49","49","0","5","38","14","7","44","43","0","0","0","0","0","0","0","0","9","90","10","10","54","54","0","1","30","3","1","18","18","0","0","0","0","0","0","0","0","2","0","12","12","52","52","0","0","0","0","0","0","0","0","0","0","0","0","0","0","0","0","0","0","400","1","334","1","1003",NA,NA,NA,"1","51","1","589",NA,NA,NA,"1","56","1","302",NA,NA,NA,"1","71","1","240",NA,NA,NA,"1","2","2","0",NA,NA,NA,"1","2","1","8",NA,NA,NA,"1","2","1","12",NA,NA,NA,"1","2","1","9",NA,NA,NA,"1","5","1","9",NA,NA,NA,"1","5","1","9",NA,NA,NA,"2","0","2","0",NA,NA,NA,"2","0","2","0",NA,NA,NA,"2","0","2","0",NA,NA,NA,"1","2","1","3",NA,NA,NA,"1","2","1","12",NA,NA,NA,"1","2","1","9",NA,NA,NA,"1","5","1","1",NA,NA,NA,"2","0","2","0",NA,NA,NA,"2","0","2","0",NA,NA,NA,"2","0","2","0",NA,NA,NA,"2","0","2","0",NA,NA,NA,"2","0","2","0",NA,NA,NA,"2","0","2","0",NA,NA,NA,"2","0","2","0",NA,NA,NA,"1","1","2","0",NA,NA,NA,"2","0","2","0",NA,NA,NA,"2","0","1","3",NA,NA,NA,"1","1","1","2",NA,NA,NA,"2","0","1","3",NA,NA,NA,"1","3","1","1",NA,NA,NA,"2","0","1","21",NA,NA,NA,"1","2","1","2",NA,NA,NA,"1","2","2","0",NA,NA,NA,"1","1","2","0",NA,NA,NA,"LEATHER PRODUCTS","IRON TOOLS","CLOTHES","25","12","9","0","0"
"'09","UTTAR PRADESH","'164","KANPUR NAGAR","'00849","KANPUR","'801006","Kanpur (CB)","20553","108534","58550","49984","14739","7844","6895","106","64","42","2009","I","CB","KANPUR",NA,"17","20553","14739","106","Created after 1921 Census",NA,NA,NA,NA,NA,"24,566","(+41.78)","34,829","(+29.66)","45,158","(+25.85)","56,830","(+22.21)","69,452","(+30.03)","90,311","(+5.22)","95,021","6.08","100796","6.08","108534","7.68","6384.35","799","802","854","868","46","6","LUCKNOW","80","KANPUR NAGAR","3","KANPUR NAGAR","3","KANPUR NAGAR","3","KANPUR NAGAR","3","KANPUR NAGAR","2","YES","0","32","0","3","0","1100","14","0","TT","OHT","5780","TW/B",NA,NA,NA,NA,NA,NA,NA,NA,NA,NA,NA,"Yes",NA,NA,"20500","0","0","5000","0","3","80","16","16","60","60","0","0","0","0","0","0","0","5","2","10","5","5","1","1","0","1","1","1","1","2","2","0","3","25","6","6","20","20","0","2","12","4","4","2","2","0","0","0","0","0","0","0","5","2","8","4","4","20","20","0","0","0","0","0","0","0","3","1","0","2","2","1","1","0","0","0","0","0","0","0","0","2","2","2","1","1","7","1","20",NA,NA,NA,"1","9","1","12",NA,NA,NA,"1","8","1","7",NA,NA,NA,"1","6","1","8",NA,NA,NA,"2","0","2","0",NA,NA,NA,"1","1","2","0",NA,NA,NA,"2","0","2","0",NA,NA,NA,"2","0","2","0",NA,NA,NA,"2","0","2","0",NA,NA,NA,"1","1","2","0",NA,NA,NA,"2","0","2","0",NA,NA,NA,"2","0","2","0",NA,NA,NA,"2","0","2","0",NA,NA,NA,"2","0","2","0","1","KANPUR NAGAR","10","2","0","2","0","2","KANPUR NAGAR","15","2","0","2","0","2","KANPUR NAGAR","12","2","0","2","0","1","KANPUR NAGAR","10","2","0","2","0","1","KANPUR NAGAR","8","2","0","2","0","1","KANPUR NAGAR","8","2","0","2","0","1","KANPUR NAGAR","8","2","0","2","0","1","KANPUR NAGAR","8","2","0","2","0",NA,NA,NA,"2","0","2","0",NA,NA,NA,"2","0","2","0","2","KANPUR NAGAR","6","2","0","2","0","2","KANPUR NAGAR","10","2","0","2","0",NA,NA,NA,"2","0","1","1",NA,NA,NA,"2","0","2","0","1","KANPUR NAGAR","5","2","0","2","0",NA,NA,NA,"1","2","1","1",NA,NA,NA,"2","0","1","2",NA,NA,NA,"2","0","1","6",NA,NA,NA,"2","0","2","0","1","KANPUR NAGAR","3","2","0","2","0","1","KANPUR NAGAR","3","CARPET WEAVING","CANVAS SHOE","SWEET","9","0","0","0","0"
"'09","UTTAR PRADESH","'164","KANPUR NAGAR","'00850","GHATAMPUR","'801007","Ghatampur (NPP)","7407","40623","21334","19289","5855","3149","2706","0","0","0","2009","III","NPP","GHATAMPUR",NA,"4","7407","5855","0","Created after 1941 Census",NA,NA,NA,NA,NA,NA,NA,NA,NA,"11,123","(+37.41)","15,284","(+17.42)","17,946","(+32.34)","23,750","(-13.27)","20,598","73.02","35638","73.02","40623","13.99","10155.75","815","882","904","868","46","6","LUCKNOW","123","KANPUR NAGAR","40","GHATAMPUR","2","KANPUR NAGARGHATAMPUR","40","KANPUR NAGAR","40","GHATAMPUR","1","YES","0","10","5","1","6100","0","0","0","OHT","TT","350",NA,NA,NA,NA,NA,NA,NA,NA,NA,NA,NA,NA,"No","VEERPUR","4","4500","0","25","420","0","30","30","7","7","26","6","0","0","0","0","0","0","0","0","0","0","0","0","0","0","0","0","0","0","0","0","0","0","0","0","0","0","0","0","0","0","0","0","0","0","0","0","0","0","0","0","0","0","0","0","0","0","0","0","0","0","1","0","0","0","0","0","0","0","0","0","0","0","0","0","0","0","0","0","0","0","0","7","7","0","26","1","3","1","4",NA,NA,NA,"1","2","1","3",NA,NA,NA,"2","0","1","2",NA,NA,NA,"1","1","1","5",NA,NA,NA,"2","0","1","3",NA,NA,NA,"2","0","1","3",NA,NA,NA,"2","0","1","3",NA,NA,NA,"2","0","1","3",NA,NA,NA,"2","0","2","0",NA,NA,NA,"2","0","1","3",NA,NA,NA,"2","0","2","0",NA,NA,NA,"2","0","2","0",NA,NA,NA,"2","0","2","0",NA,NA,NA,"2","0","2","0",NA,NA,NA,"2","0","2","0",NA,NA,NA,"2","0","2","0",NA,NA,NA,"2","0","2","0","1","RAMSARI","5","2","0","2","0","1","VEERPUR","4","2","0","2","0","1","VEERPUR","4","2","0","2","0","1","VEERPUR","4","2","0","2","0",NA,NA,NA,"2","0","2","0",NA,NA,NA,"2","0","2","0",NA,NA,NA,"2","0","2","0",NA,NA,NA,"2","0","2","0",NA,NA,NA,"2","0","2","0",NA,NA,NA,"2","0","2","0",NA,NA,NA,"2","0","2","0",NA,NA,NA,"2","0","2","0",NA,NA,NA,"2","0","2","0",NA,NA,NA,"2","0","1","1",NA,NA,NA,"2","0","2","0",NA,NA,NA,"2","0","2","0",NA,NA,NA,"2","0","2","0",NA,NA,NA,"WHEAT FLOUR","FOOT WEAR INDUSTRY","WOODEN FURNITURE","4",NA,"2","1",NA
